Keyword,Species,Intent,Page type,Mascot owner
can dogs eat garlic,dogs,informational,ingredient page,Sherlock Shells
is garlic toxic to dogs,dogs,informational,ingredient page,Sherlock Shells
garlic poisoning symptoms in dogs,dogs,informational,FAQ,Sherlock Shells
my dog ate garlic bread what do i do,dogs,informational,FAQ,Sherlock Shells
dog safe alternatives to garlic seasoning,dogs,informational,ingredient page,Sherlock Shells
homemade dog food for pancreatitis,dogs,mixed,condition guide,Professor Purfessor
low fat homemade dog food pancreatitis,dogs,mixed,condition guide,Professor Purfessor
what to feed dog with pancreatitis at home,dogs,mixed,condition guide,Professor Purfessor
pancreatitis dog treats safe,dogs,informational,FAQ,Professor Purfessor
pancreatitis diet mistakes dogs,dogs,informational,guide,Professor Purfessor
can cats eat tuna every day,cats,informational,ingredient page,Sherlock Shells
is tuna bad for cats,cats,informational,ingredient page,Sherlock Shells
canned tuna for cats safe,cats,informational,FAQ,Sherlock Shells
tuna in oil vs water for cats,cats,informational,comparison,Sherlock Shells
how often can cats have tuna,cats,informational,FAQ,Sherlock Shells
homemade cat food for kidney disease,cats,mixed,condition guide,Professor Purfessor
ckd diet for cats homemade,cats,mixed,condition guide,Professor Purfessor
what to feed cat with kidney disease,cats,mixed,condition guide,Professor Purfessor
should cats with kidney disease eat prescription diet,cats,informational,FAQ,Professor Purfessor
how to transition diet for ckd cat,cats,informational,FAQ,Professor Purfessor
is avocado toxic to birds,birds,informational,ingredient page,Sherlock Shells
can parrots eat avocado,birds,informational,ingredient page,Sherlock Shells
my bird ate avocado what do i do,birds,informational,FAQ,Sherlock Shells
avocado oil safe for birds,birds,informational,FAQ,Sherlock Shells
what foods are toxic to pet birds,birds,informational,guide,Sherlock Shells
pellets vs seeds for birds,birds,informational,comparison,Professor Purfessor
are pellets better than seeds for birds,birds,informational,comparison,Professor Purfessor
can birds live on seeds only,birds,informational,FAQ,Professor Purfessor
how to switch bird from seeds to pellets,birds,informational,guide,Professor Purfessor
bird refuses pellets what to do,birds,informational,FAQ,Professor Purfessor
can bearded dragons eat spinach,reptiles,informational,ingredient page,Sherlock Shells
is spinach bad for bearded dragons,reptiles,informational,ingredient page,Sherlock Shells
how often can bearded dragons eat spinach,reptiles,informational,FAQ,Sherlock Shells
best greens for bearded dragons,reptiles,informational,guide,Sherlock Shells
bearded dragon not eating greens,reptiles,informational,FAQ,Sherlock Shells
reptile calcium basics,reptiles,informational,nutrition education,Professor Purfessor
calcium to phosphorus ratio reptiles,reptiles,informational,nutrition education,Professor Purfessor
do reptiles need calcium supplements,reptiles,informational,FAQ,Professor Purfessor
can reptiles get too much calcium,reptiles,informational,FAQ,Professor Purfessor
common reptile feeding mistakes calcium,reptiles,informational,guide,Professor Purfessor
can rabbits eat iceberg lettuce,pocket pets,informational,ingredient page,Sherlock Shells
is iceberg lettuce bad for rabbits,pocket pets,informational,ingredient page,Sherlock Shells
best lettuce for rabbits,pocket pets,informational,guide,Sherlock Shells
how much lettuce can rabbits eat,pocket pets,informational,FAQ,Sherlock Shells
rabbit diarrhea after lettuce what to do,pocket pets,informational,FAQ,Sherlock Shells
budget friendly guinea pig grocery list,pocket pets,commercial,shopping guide,Robin RedRoute
cheap guinea pig food staples,pocket pets,commercial,shopping guide,Robin RedRoute
save money on guinea pig supplies,pocket pets,commercial,shopping guide,Robin RedRoute
bulk hay vs small hay price comparison,pocket pets,commercial,comparison,Robin RedRoute
best value vegetables for guinea pigs,pocket pets,commercial,shopping guide,Robin RedRoute
