id,name,category,priceSource,packagePrice,quantity,pricePerPound,effectivePricePerPound,asin,productIngredientKey,productQuantity,productName,productUrl
vitamin_e_oil,Vitamin E Oil,supplement,package,15,oz,60.21132743362832,60.21132743362832,,,,,
vitamin_b_complex,Vitamin B Complex,supplement,package,15,oz,60.21132743362832,60.21132743362832,,,,,
vitamin_d3_drops,Vitamin D3 Drops,supplement,package,15,oz,60.21132743362832,60.21132743362832,,,,,
guinea_pig_pellets_with_vitamin_c,Guinea Pig Pellets (with vitamin C),supplement,package,15,oz,60.21132743362832,60.21132743362832,,,,,
fortified_pellets_vitamin_c,Fortified Pellets (vitamin C),supplement,package,15,oz,60.21132743362832,60.21132743362832,,,,,
vitamin_c_drops,vitamin c drops,supplement,package,15,oz,60.21132743362832,60.21132743362832,,,,,
algae_oil_dha,Algae Oil (DHA),supplement,override,25,16 oz bottle,25,25,,,,,
kelp_powder,Kelp Powder,supplement,package,12,oz,23.97843171806167,23.97843171806167,,,,,
taurine_powder,Taurine Powder,supplement,package,12,oz,23.97843171806167,23.97843171806167,,,,,
lysine_powder,Lysine Powder,protein,package,12,oz,23.97843171806167,23.97843171806167,,,,,
calcium_carbonate,calcium carbonate,supplement,package,12,oz,23.97843171806167,23.97843171806167,,,,,
electrolyte_powder,Electrolyte Powder,supplement,package,12,oz,23.97843171806167,23.97843171806167,,,,,
calcium_supplement,calcium supplement,supplement,package,12,oz,23.97843171806167,23.97843171806167,,,,,
calcium_powder,calcium powder,supplement,package,12,oz,23.97843171806167,23.97843171806167,,,,,
herring_oil,Herring Oil,supplement,override,20,16 oz bottle,20,20,,,,,
evening_primrose_oil,Evening Primrose Oil,fat,override,20,16 oz bottle,20,20,,,,,
borage_oil,Borage Oil,fat,override,20,16 oz bottle,20,20,,,,,
black_currant_oil,Black Currant Oil,fruit,override,20,16 oz bottle,20,20,,,,,
krill_oil,Krill Oil,supplement,override,20,16 oz bottle,20,20,,,,,
spirulina_powder,Spirulina Powder,supplement,override,20,1 lb,20,20,,,,,
mackerel_oil,Mackerel Oil,supplement,override,16,16 oz bottle,16,16,,,,,
sardine_oil,Sardine Oil,supplement,override,16,16 oz bottle,16,16,,,,,
anchovy_oil,Anchovy Oil,supplement,override,16,16 oz bottle,16,16,,,,,
pumpkin_seed_oil,Pumpkin Seed Oil,seed,override,15,16 oz bottle,15,15,,,,,
wheat_germ_oil,Wheat Germ Oil,grain,override,15,16 oz bottle,15,15,,,,,
earthworms,Earthworms,protein,override,15,1 lb,15,15,,,,,
salmon_oil,Salmon Oil,protein,override,14,16 oz bottle,14,14,,,,,
fish_oil,Fish Oil,protein,override,14,16 oz bottle,14,14,,,,,
omega3_oil,omega-3 oil,supplement,override,14,16 oz bottle,14,14,,,,,
venison,Venison,protein,override,12.5,1 lb,12.5,12.5,,,,,
quail,quail,protein,override,12.5,1 lb,12.5,12.5,,,,,
almond_oil,Almond Oil,nut,override,12.5,16 oz bottle,12.5,12.5,,,,,
salmon_boneless,salmon (boneless),protein,override,11.5,1 lb,11.5,11.5,,,,,
salmon_atlantic,salmon atlantic,protein,package,15,1.5 lb,10.005705882352942,10.005705882352942,,,,,
duck_breast,Duck Breast,protein,override,10,1 lb,10,10,,,,,
rabbit_meat,Rabbit Meat,protein,override,10,1 lb,10,10,,,,,
flaxseed_oil,Flaxseed Oil,seed,override,10,16 oz bottle,10,10,,,,,
olive_oil,Olive Oil,fat,package,10,ml,9.07184,9.07184,,,,,
avocado_oil,Avocado Oil,fat,package,10,ml,9.07184,9.07184,,,,,
sunflower_oil,Sunflower Oil,fat,package,10,ml,9.07184,9.07184,,,,,
sesame_oil,Sesame Oil,fat,package,10,ml,9.07184,9.07184,,,,,
walnut_oil,Walnut Oil,nut,package,10,ml,9.07184,9.07184,,,,,
olive_oil_small_amounts,Olive Oil (small amounts),fat,package,10,ml,9.07184,9.07184,,,,,
avocado_oil_tiny_amounts,Avocado Oil (tiny amounts),fat,package,10,ml,9.07184,9.07184,,,,,
cod_liver_oil,cod liver oil,protein,package,10,ml,9.07184,9.07184,,,,,
coconut_oil,Coconut Oil,fat,override,8,16 oz bottle,8,8,,,,,
duck_liver,Duck Liver,protein,override,8,1 lb,8,8,,,,,
ground_beef_lean,ground beef (lean),protein,package,8,1 lb,7.992810572687223,7.992810572687223,,,,,
sardines_canned_in_water,sardines (canned in water),protein,package,8,1 lb,7.992810572687223,7.992810572687223,,,,,
ground_venison,Ground Venison,protein,package,8,1 lb,7.992810572687223,7.992810572687223,,,,,
ground_rabbit,Ground Rabbit,protein,package,8,1 lb,7.992810572687223,7.992810572687223,,,,,
duck_hearts,Duck Hearts,protein,package,8,1 lb,7.992810572687223,7.992810572687223,,,,,
ground_quail,Ground Quail,protein,package,8,1 lb,7.992810572687223,7.992810572687223,,,,,
regular_potato,Regular Potato,protein,package,8,1 lb,7.992810572687223,7.992810572687223,,,,,
pumpkin,pumpkin,protein,package,8,1 lb,7.992810572687223,7.992810572687223,,,,,
butternut_squash,Butternut Squash,vegetable,package,8,1 lb,7.992810572687223,7.992810572687223,,,,,
lentils,lentils,protein,package,8,1 lb,7.992810572687223,7.992810572687223,,,,,
amaranth,Amaranth,grain,package,8,1 lb,7.992810572687223,7.992810572687223,,,,,
sorghum,Sorghum,protein,package,8,1 lb,7.992810572687223,7.992810572687223,,,,,
farro,Farro,protein,package,8,1 lb,7.992810572687223,7.992810572687223,,,,,
acorn_squash,Acorn Squash,vegetable,package,8,1 lb,7.992810572687223,7.992810572687223,,,,,
spaghetti_squash,Spaghetti Squash,vegetable,package,8,1 lb,7.992810572687223,7.992810572687223,,,,,
delicata_squash,Delicata Squash,vegetable,package,8,1 lb,7.992810572687223,7.992810572687223,,,,,
kabocha_squash,Kabocha Squash,vegetable,package,8,1 lb,7.992810572687223,7.992810572687223,,,,,
zucchini,zucchini,vegetable,package,8,1 lb,7.992810572687223,7.992810572687223,,,,,
kale,kale,vegetable,package,8,1 lb,7.992810572687223,7.992810572687223,,,,,
brussels_sprouts,brussels sprouts,protein,package,8,1 lb,7.992810572687223,7.992810572687223,,,,,
asparagus,asparagus,vegetable,package,8,1 lb,7.992810572687223,7.992810572687223,,,,,
parsley,parsley,vegetable,package,8,1 lb,7.992810572687223,7.992810572687223,,,,,
cucumber,cucumber,vegetable,package,8,1 lb,7.992810572687223,7.992810572687223,,,,,
lettuce_romaine,lettuce (romaine),vegetable,package,8,1 lb,7.992810572687223,7.992810572687223,,,,,
arugula,arugula,vegetable,package,8,1 lb,7.992810572687223,7.992810572687223,,,,,
endive,Endive,vegetable,package,8,1 lb,7.992810572687223,7.992810572687223,,,,,
escarole,Escarole,vegetable,package,8,1 lb,7.992810572687223,7.992810572687223,,,,,
dandelion_greens,Dandelion Greens,vegetable,package,8,1 lb,7.992810572687223,7.992810572687223,,,,,
collard_greens,Collard Greens,vegetable,package,8,1 lb,7.992810572687223,7.992810572687223,,,,,
turnip_greens,Turnip Greens,vegetable,package,8,1 lb,7.992810572687223,7.992810572687223,,,,,
beet_greens,Beet Greens,protein,package,8,1 lb,7.992810572687223,7.992810572687223,,,,,
radish_greens,Radish Greens,protein,package,8,1 lb,7.992810572687223,7.992810572687223,,,,,
swiss_chard,Swiss Chard,vegetable,package,8,1 lb,7.992810572687223,7.992810572687223,,,,,
bok_choy,bok choy,vegetable,package,8,1 lb,7.992810572687223,7.992810572687223,,,,,
napa_cabbage,Napa Cabbage,vegetable,package,8,1 lb,7.992810572687223,7.992810572687223,,,,,
red_cabbage,Red Cabbage,vegetable,package,8,1 lb,7.992810572687223,7.992810572687223,,,,,
green_cabbage,Green Cabbage,vegetable,package,8,1 lb,7.992810572687223,7.992810572687223,,,,,
cauliflower,Cauliflower,protein,package,8,1 lb,7.992810572687223,7.992810572687223,,,,,
fennel,Fennel,vegetable,package,8,1 lb,7.992810572687223,7.992810572687223,,,,,
leeks,Leeks,protein,package,8,1 lb,7.992810572687223,7.992810572687223,,,,,
shallots,Shallots,protein,package,8,1 lb,7.992810572687223,7.992810572687223,,,,,
garlic_small_amounts,Garlic (small amounts),protein,package,8,1 lb,7.992810572687223,7.992810572687223,,,,,
ginger_small_amounts,Ginger (small amounts),protein,package,8,1 lb,7.992810572687223,7.992810572687223,,,,,
artichokes,Artichokes,protein,package,8,1 lb,7.992810572687223,7.992810572687223,,,,,
tomatoes_small_amounts,Tomatoes (small amounts),protein,package,8,1 lb,7.992810572687223,7.992810572687223,,,,,
yellow_squash,Yellow Squash,vegetable,package,8,1 lb,7.992810572687223,7.992810572687223,,,,,
pattypan_squash,Pattypan Squash,vegetable,package,8,1 lb,7.992810572687223,7.992810572687223,,,,,
radicchio,Radicchio,vegetable,package,8,1 lb,7.992810572687223,7.992810572687223,,,,,
mache,Mache,vegetable,package,8,1 lb,7.992810572687223,7.992810572687223,,,,,
watercress,Watercress,vegetable,package,8,1 lb,7.992810572687223,7.992810572687223,,,,,
purslane,Purslane,vegetable,package,8,1 lb,7.992810572687223,7.992810572687223,,,,,
lambs_quarters,Lamb's Quarters,protein,package,8,1 lb,7.992810572687223,7.992810572687223,,,,,
tuna,tuna,protein,package,8,1 lb,7.992810572687223,7.992810572687223,,,,,
herring_canned,Herring (canned),protein,package,8,1 lb,7.992810572687223,7.992810572687223,,,,,
anchovies_canned,Anchovies (canned),protein,package,8,1 lb,7.992810572687223,7.992810572687223,,,,,
ground_herring,Ground Herring,protein,package,8,1 lb,7.992810572687223,7.992810572687223,,,,,
butternut_squash_mashed_minimal,"Butternut Squash (mashed, minimal)",vegetable,package,8,1 lb,7.992810572687223,7.992810572687223,,,,,
acorn_squash_mashed_minimal,"Acorn Squash (mashed, minimal)",vegetable,package,8,1 lb,7.992810572687223,7.992810572687223,,,,,
amaranth_tiny_amounts,Amaranth (tiny amounts),grain,package,8,1 lb,7.992810572687223,7.992810572687223,,,,,
asparagus_tips_only,Asparagus (tips only),vegetable,package,8,1 lb,7.992810572687223,7.992810572687223,,,,,
collard_greens_cooked_tiny_amounts,"Collard Greens (cooked, tiny amounts)",vegetable,package,8,1 lb,7.992810572687223,7.992810572687223,,,,,
dandelion_greens_fresh_small_amounts,"Dandelion Greens (fresh, small amounts)",vegetable,package,8,1 lb,7.992810572687223,7.992810572687223,,,,,
endive_small_amounts,Endive (small amounts),vegetable,package,8,1 lb,7.992810572687223,7.992810572687223,,,,,
napa_cabbage_small_amounts,Napa Cabbage (small amounts),vegetable,package,8,1 lb,7.992810572687223,7.992810572687223,,,,,
fennel_small_amounts,Fennel (small amounts),vegetable,package,8,1 lb,7.992810572687223,7.992810572687223,,,,,
swiss_chard_cooked_tiny_amounts,"Swiss Chard (cooked, tiny amounts)",vegetable,package,8,1 lb,7.992810572687223,7.992810572687223,,,,,
beet_greens_cooked_tiny_amounts,"Beet Greens (cooked, tiny amounts)",protein,package,8,1 lb,7.992810572687223,7.992810572687223,,,,,
turnip_greens_cooked_tiny_amounts,"Turnip Greens (cooked, tiny amounts)",vegetable,package,8,1 lb,7.992810572687223,7.992810572687223,,,,,
radish_greens_cooked_tiny_amounts,"Radish Greens (cooked, tiny amounts)",protein,package,8,1 lb,7.992810572687223,7.992810572687223,,,,,
watercress_small_amounts,Watercress (small amounts),vegetable,package,8,1 lb,7.992810572687223,7.992810572687223,,,,,
barley_grass,Barley Grass,grain,package,8,1 lb,7.992810572687223,7.992810572687223,,,,,
alfalfa_sprouts_small_amounts,Alfalfa Sprouts (small amounts),hay,package,8,1 lb,7.992810572687223,7.992810572687223,,,,,
brewers_yeast,Brewer's Yeast,supplement,package,8,1 lb,7.992810572687223,7.992810572687223,,,,,
wheat_germ,Wheat Germ,grain,package,8,1 lb,7.992810572687223,7.992810572687223,,,,,
pectin_from_apples,Pectin (from apples),protein,package,8,1 lb,7.992810572687223,7.992810572687223,,,,,
niacinamide,Niacinamide,protein,package,8,1 lb,7.992810572687223,7.992810572687223,,,,,
biotin,Biotin,protein,package,8,1 lb,7.992810572687223,7.992810572687223,,,,,
bone_broth_low_sodium,Bone Broth (low sodium),protein,package,8,1 lb,7.992810572687223,7.992810572687223,,,,,
cranberry_extract,Cranberry Extract,fruit,package,8,1 lb,7.992810572687223,7.992810572687223,,,,,
ursodeoxycholic_acid_udca,Ursodeoxycholic Acid (UDCA),protein,package,8,1 lb,7.992810572687223,7.992810572687223,,,,,
milk_thistle,Milk Thistle,protein,package,8,1 lb,7.992810572687223,7.992810572687223,,,,,
omega3_capsules,Omega-3 Capsules,supplement,package,8,1 lb,7.992810572687223,7.992810572687223,,,,,
msm_methylsulfonylmethane,MSM (methylsulfonylmethane),protein,package,8,1 lb,7.992810572687223,7.992810572687223,,,,,
wheat_hulled,Wheat (hulled),grain,package,8,1 lb,7.992810572687223,7.992810572687223,,,,,
walnuts_in_shell,Walnuts (in shell),protein,package,8,1 lb,7.992810572687223,7.992810572687223,,,,,
almonds,Almonds,protein,package,8,1 lb,7.992810572687223,7.992810572687223,,,,,
brazil_nuts,Brazil Nuts,protein,package,8,1 lb,7.992810572687223,7.992810572687223,,,,,
pecans,Pecans,protein,package,8,1 lb,7.992810572687223,7.992810572687223,,,,,
macadamia_nuts,Macadamia Nuts,nut,package,8,1 lb,7.992810572687223,7.992810572687223,,,,,
hazelnuts,Hazelnuts,protein,package,8,1 lb,7.992810572687223,7.992810572687223,,,,,
pine_nuts,Pine Nuts,protein,package,8,1 lb,7.992810572687223,7.992810572687223,,,,,
cashews,Cashews,protein,package,8,1 lb,7.992810572687223,7.992810572687223,,,,,
pistachios,Pistachios,protein,package,8,1 lb,7.992810572687223,7.992810572687223,,,,,
corn_fresh,Corn (fresh),grain,package,8,1 lb,7.992810572687223,7.992810572687223,,,,,
basil,Basil,protein,package,8,1 lb,7.992810572687223,7.992810572687223,,,,,
mint,Mint,protein,package,8,1 lb,7.992810572687223,7.992810572687223,,,,,
thyme,Thyme,protein,package,8,1 lb,7.992810572687223,7.992810572687223,,,,,
blueberries,blueberries,protein,package,8,1 lb,7.992810572687223,7.992810572687223,,,,,
strawberries,Strawberries,protein,package,8,1 lb,7.992810572687223,7.992810572687223,,,,,
mango,Mango,fruit,package,8,1 lb,7.992810572687223,7.992810572687223,,,,,
bananas,bananas,protein,package,8,1 lb,7.992810572687223,7.992810572687223,,,,,
grapes_chopped,Grapes (chopped),protein,package,8,1 lb,7.992810572687223,7.992810572687223,,,,,
papaya,Papaya,fruit,package,8,1 lb,7.992810572687223,7.992810572687223,,,,,
melon,Melon,fruit,package,8,1 lb,7.992810572687223,7.992810572687223,,,,,
pineapple_small_amounts,Pineapple (small amounts),fruit,package,8,1 lb,7.992810572687223,7.992810572687223,,,,,
kiwi,Kiwi,fruit,package,8,1 lb,7.992810572687223,7.992810572687223,,,,,
raspberries,Raspberries,protein,package,8,1 lb,7.992810572687223,7.992810572687223,,,,,
blackberries,Blackberries,protein,package,8,1 lb,7.992810572687223,7.992810572687223,,,,,
cherries_pitted,Cherries (pitted),protein,package,8,1 lb,7.992810572687223,7.992810572687223,,,,,
apricots_pitted,Apricots (pitted),protein,package,8,1 lb,7.992810572687223,7.992810572687223,,,,,
dates_pitted,Dates (pitted),protein,package,8,1 lb,7.992810572687223,7.992810572687223,,,,,
raisins_unsweetened,Raisins (unsweetened),protein,package,8,1 lb,7.992810572687223,7.992810572687223,,,,,
currants,Currants,protein,package,8,1 lb,7.992810572687223,7.992810572687223,,,,,
goji_berries,Goji Berries,fruit,package,8,1 lb,7.992810572687223,7.992810572687223,,,,,
cuttlebone,Cuttlebone,supplement,package,8,1 lb,7.992810572687223,7.992810572687223,,,,,
crickets,Crickets,protein,package,8,1 lb,7.992810572687223,7.992810572687223,,,,,
mealworms,Mealworms,protein,package,8,1 lb,7.992810572687223,7.992810572687223,,,,,
waxworms,Waxworms,protein,package,8,1 lb,7.992810572687223,7.992810572687223,,,,,
phoenix_worms,Phoenix Worms,insect,package,8,1 lb,7.992810572687223,7.992810572687223,,,,,
grasshoppers,Grasshoppers,protein,package,8,1 lb,7.992810572687223,7.992810572687223,,,,,
locusts,Locusts,protein,package,8,1 lb,7.992810572687223,7.992810572687223,,,,,
mantids,Mantids,protein,package,8,1 lb,7.992810572687223,7.992810572687223,,,,,
fruit_flies,Fruit Flies,fruit,package,8,1 lb,7.992810572687223,7.992810572687223,,,,,
pinkie_mice_frozenthawed,Pinkie Mice (frozen/thawed),protein,package,8,1 lb,7.992810572687223,7.992810572687223,,,,,
fuzzy_mice,Fuzzy Mice,protein,package,8,1 lb,7.992810572687223,7.992810572687223,,,,,
hopper_mice,Hopper Mice,protein,package,8,1 lb,7.992810572687223,7.992810572687223,,,,,
adult_mice,Adult Mice,protein,package,8,1 lb,7.992810572687223,7.992810572687223,,,,,
rat_pups,Rat Pups,protein,package,8,1 lb,7.992810572687223,7.992810572687223,,,,,
adult_rats,Adult Rats,protein,package,8,1 lb,7.992810572687223,7.992810572687223,,,,,
dayold_chicks,Day-Old Chicks,protein,package,8,1 lb,7.992810572687223,7.992810572687223,,,,,
silversides,Silversides,protein,package,8,1 lb,7.992810572687223,7.992810572687223,,,,,
romaine_lettuce,Romaine Lettuce,vegetable,package,8,1 lb,7.992810572687223,7.992810572687223,,,,,
iceberg_lettuce,Iceberg Lettuce,vegetable,package,8,1 lb,7.992810572687223,7.992810572687223,,,,,
red_leaf_lettuce,Red Leaf Lettuce,vegetable,package,8,1 lb,7.992810572687223,7.992810572687223,,,,,
butter_lettuce,Butter Lettuce,vegetable,package,8,1 lb,7.992810572687223,7.992810572687223,,,,,
oregano,Oregano,protein,package,8,1 lb,7.992810572687223,7.992810572687223,,,,,
sage,Sage,protein,package,8,1 lb,7.992810572687223,7.992810572687223,,,,,
squash_various,Squash (various),vegetable,package,8,1 lb,7.992810572687223,7.992810572687223,,,,,
cantaloupe,Cantaloupe,fruit,package,8,1 lb,7.992810572687223,7.992810572687223,,,,,
honeydew,Honeydew,fruit,package,8,1 lb,7.992810572687223,7.992810572687223,,,,,
watermelon,Watermelon,fruit,package,8,1 lb,7.992810572687223,7.992810572687223,,,,,
pineapple,Pineapple,fruit,package,8,1 lb,7.992810572687223,7.992810572687223,,,,,
prunes,Prunes,protein,package,8,1 lb,7.992810572687223,7.992810572687223,,,,,
ryegrass_hay,Ryegrass Hay,hay,package,8,1 lb,7.992810572687223,7.992810572687223,,,,,
dried_grass,Dried Grass,hay,package,8,1 lb,7.992810572687223,7.992810572687223,,,,,
garlic_chives,Garlic Chives,protein,package,8,1 lb,7.992810572687223,7.992810572687223,,,,,
squash_cooked,Squash (cooked),vegetable,package,8,1 lb,7.992810572687223,7.992810572687223,,,,,
hamster_pellets_higher_protein,Hamster Pellets (higher protein),protein,package,8,1 lb,7.992810572687223,7.992810572687223,,,,,
gerbil_pellets,Gerbil Pellets,protein,package,8,1 lb,7.992810572687223,7.992810572687223,,,,,
mouserat_pellets,Mouse/Rat Pellets,protein,package,8,1 lb,7.992810572687223,7.992810572687223,,,,,
chinchilla_pellets,Chinchilla Pellets,protein,package,8,1 lb,7.992810572687223,7.992810572687223,,,,,
degus_pellets,Degus Pellets,protein,package,8,1 lb,7.992810572687223,7.992810572687223,,,,,
timothybased_pellets,Timothy-Based Pellets,hay,package,8,1 lb,7.992810572687223,7.992810572687223,,,,,
alfalfabased_pellets,Alfalfa-Based Pellets,hay,package,8,1 lb,7.992810572687223,7.992810572687223,,,,,
grapes,Grapes,protein,package,8,1 lb,7.992810572687223,7.992810572687223,,,,,
mango_small_amounts,Mango (small amounts),fruit,package,8,1 lb,7.992810572687223,7.992810572687223,,,,,
papaya_small_amounts,Papaya (small amounts),fruit,package,8,1 lb,7.992810572687223,7.992810572687223,,,,,
elderberries,Elderberries,protein,package,8,1 lb,7.992810572687223,7.992810572687223,,,,,
mealworms_freezedried,Mealworms (freeze-dried),protein,package,8,1 lb,7.992810572687223,7.992810572687223,,,,,
popcorn_plain,Popcorn (plain),protein,package,8,1 lb,7.992810572687223,7.992810572687223,,,,,
whole_wheat_pasta_cooked,Whole Wheat Pasta (cooked),grain,package,8,1 lb,7.992810572687223,7.992810572687223,,,,,
amaranth_cooked,Amaranth (cooked),grain,package,8,1 lb,7.992810572687223,7.992810572687223,,,,,
corn_cooked,Corn (cooked),grain,package,8,1 lb,7.992810572687223,7.992810572687223,,,,,
nectar_mix_commercial,Nectar Mix (commercial),protein,package,8,1 lb,7.992810572687223,7.992810572687223,,,,,
gum_arabic,Gum Arabic,protein,package,8,1 lb,7.992810572687223,7.992810572687223,,,,,
eucalyptus_leaves,Eucalyptus Leaves,protein,package,8,1 lb,7.992810572687223,7.992810572687223,,,,,
acacia_gum,Acacia Gum,protein,package,8,1 lb,7.992810572687223,7.992810572687223,,,,,
bee_pollen,Bee Pollen,protein,package,8,1 lb,7.992810572687223,7.992810572687223,,,,,
manuka_honey,Manuka Honey,protein,package,8,1 lb,7.992810572687223,7.992810572687223,,,,,
sardines_water,sardines water,protein,package,8,1 lb,7.992810572687223,7.992810572687223,,,,,
tuna_in_water,tuna in water,protein,package,8,1 lb,7.992810572687223,7.992810572687223,,,,,
kale_raw,kale raw,vegetable,package,8,1 lb,7.992810572687223,7.992810572687223,,,,,
blueberries_raw,blueberries raw,protein,package,8,1 lb,7.992810572687223,7.992810572687223,,,,,
bananas_raw,bananas raw,protein,package,8,1 lb,7.992810572687223,7.992810572687223,,,,,
mustard_greens,mustard greens,vegetable,package,8,1 lb,7.992810572687223,7.992810572687223,,,,,
apple,apple,fruit,package,8,1 lb,7.992810572687223,7.992810572687223,,,,,
strawberry,strawberry,fruit,package,8,1 lb,7.992810572687223,7.992810572687223,,,,,
raspberry,raspberry,fruit,package,8,1 lb,7.992810572687223,7.992810572687223,,,,,
tomatoes,tomatoes,protein,package,8,1 lb,7.992810572687223,7.992810572687223,,,,,
cat_grass,cat grass,hay,package,8,1 lb,7.992810572687223,7.992810572687223,,,,,
alfalfa_sprouts,alfalfa sprouts,hay,package,8,1 lb,7.992810572687223,7.992810572687223,,,,,
blackberry,blackberry,fruit,package,8,1 lb,7.992810572687223,7.992810572687223,,,,,
cherry,cherry,fruit,package,8,1 lb,7.992810572687223,7.992810572687223,,,,,
apricot,apricot,fruit,package,8,1 lb,7.992810572687223,7.992810572687223,,,,,
date,date,fruit,package,8,1 lb,7.992810572687223,7.992810572687223,,,,,
raisin,raisin,fruit,package,8,1 lb,7.992810572687223,7.992810572687223,,,,,
currant,currant,fruit,package,8,1 lb,7.992810572687223,7.992810572687223,,,,,
goji_berry,goji berry,fruit,package,8,1 lb,7.992810572687223,7.992810572687223,,,,,
grape,grape,fruit,package,8,1 lb,7.992810572687223,7.992810572687223,,,,,
prune,prune,protein,package,8,1 lb,7.992810572687223,7.992810572687223,,,,,
elderberry,elderberry,fruit,package,8,1 lb,7.992810572687223,7.992810572687223,,,,,
walnut,walnut,nut,package,8,1 lb,7.992810572687223,7.992810572687223,,,,,
almond,almond,nut,package,8,1 lb,7.992810572687223,7.992810572687223,,,,,
brazil_nut,brazil nut,nut,package,8,1 lb,7.992810572687223,7.992810572687223,,,,,
pecan,pecan,nut,package,8,1 lb,7.992810572687223,7.992810572687223,,,,,
macadamia_nut,macadamia nut,nut,package,8,1 lb,7.992810572687223,7.992810572687223,,,,,
hazelnut,hazelnut,nut,package,8,1 lb,7.992810572687223,7.992810572687223,,,,,
pine_nut,pine nut,nut,package,8,1 lb,7.992810572687223,7.992810572687223,,,,,
cashew,cashew,nut,package,8,1 lb,7.992810572687223,7.992810572687223,,,,,
pistachio,pistachio,nut,package,8,1 lb,7.992810572687223,7.992810572687223,,,,,
bone_meal,bone meal,protein,package,8,1 lb,7.992810572687223,7.992810572687223,,,,,
pumpkin_puree,pumpkin puree,protein,package,8,1 lb,7.992810572687223,7.992810572687223,,,,,
bcomplex,b-complex,protein,package,8,1 lb,7.992810572687223,7.992810572687223,,,,,
banana,banana,fruit,package,8,1 lb,7.992810572687223,7.992810572687223,,,,,
ground_pork_lean_small_amounts,"ground pork (lean, small amounts)",protein,package,8,1 lb,7.992810572687223,7.992810572687223,,,,,
bok_choi,bok choi,protein,package,8,1 lb,7.992810572687223,7.992810572687223,,,,,
bok_choy_small_amounts,bok choy (small amounts),vegetable,package,8,1 lb,7.992810572687223,7.992810572687223,,,,,
lettuce_romaine_small_amounts,"lettuce (romaine, small amounts)",vegetable,package,8,1 lb,7.992810572687223,7.992810572687223,,,,,
sardines_in_water,sardines (in water),protein,package,8,1 lb,7.992810572687223,7.992810572687223,,,,,
lamb,lamb,protein,package,8,1 lb,7.992810572687223,7.992810572687223,,,,,
apples,apples,protein,package,8,1 lb,7.992810572687223,7.992810572687223,,,,,
bone_broth,bone broth,protein,package,8,1 lb,7.992810572687223,7.992810572687223,,,,,
ground_duck,Ground Duck,protein,override,7.5,1 lb,7.5,7.5,,,,,
ground_lamb,ground lamb,protein,override,7,1 lb,7,7,,,,,
ground_lamb_lean,ground lamb (lean),protein,override,7,1 lb,7,7,,,,,
wild_rice,Wild Rice,grain,override,6.5,1 lb,6.5,6.5,,,,,
ground_mackerel,Ground Mackerel,protein,override,6.5,1 lb,6.5,6.5,,,,,
mulberries,Mulberries,protein,override,6.5,1 lb,6.5,6.5,,,,,
honey_tiny_amounts,Honey (tiny amounts),protein,override,6.5,1 lb,6.5,6.5,,,,,
mulberry,mulberry,fruit,override,6.5,1 lb,6.5,6.5,,,,,
spinach,spinach,vegetable,package,4,oz,6.388619718309859,6.388619718309859,,,,,
new_zealand_spinach,New Zealand Spinach,vegetable,package,4,oz,6.388619718309859,6.388619718309859,,,,,
spinach_raw,spinach raw,vegetable,package,4,oz,6.388619718309859,6.388619718309859,,,,,
chicken_breast,chicken breast,protein,package,18,3 lb,5.999012490815577,5.999012490815577,,,,,
ground_turkey,ground turkey,protein,package,6,1 lb,5.994607929515418,5.994607929515418,,,,,
ground_pork_lean,ground pork (lean),protein,override,5,1 lb,5,5,,,,,
figs,Figs,protein,override,5,1 lb,5,5,,,,,
fig,fig,fruit,override,5,1 lb,5,5,,,,,
chicken_thighs,chicken thighs,protein,package,15,3 lb,4.999177075679647,4.999177075679647,,,,,
turkey_breast,turkey breast,protein,package,15,3 lb,4.999177075679647,4.999177075679647,,,,,
beef_liver,beef liver,protein,package,15,3 lb,4.999177075679647,4.999177075679647,,,,,
turkey_necks,turkey necks,protein,package,15,3 lb,4.999177075679647,4.999177075679647,,,,,
turkey_thighs,Turkey Thighs,protein,package,15,3 lb,4.999177075679647,4.999177075679647,,,,,
turkey_liver,Turkey Liver,protein,package,15,3 lb,4.999177075679647,4.999177075679647,,,,,
quail_meat,Quail Meat,protein,package,15,3 lb,4.999177075679647,4.999177075679647,,,,,
turkey_hearts,Turkey Hearts,protein,package,15,3 lb,4.999177075679647,4.999177075679647,,,,,
turkey_sausage_no_additives,Turkey Sausage (no additives),protein,package,15,3 lb,4.999177075679647,4.999177075679647,,,,,
chicken_sausage_no_additives,Chicken Sausage (no additives),protein,package,15,3 lb,4.999177075679647,4.999177075679647,,,,,
chicken_broth_no_salt,Chicken Broth (no salt),protein,package,15,3 lb,4.999177075679647,4.999177075679647,,,,,
feeder_fish_guppies,Feeder Fish (Guppies),protein,package,15,3 lb,4.999177075679647,4.999177075679647,,,,,
chicken_broth,chicken broth,protein,package,15,3 lb,4.999177075679647,4.999177075679647,,,,,
bell_peppers_redgreen,Bell Peppers (red/green),vegetable,package,6,1.5 lb,4.002282352941177,4.002282352941177,,,,,
bell_peppers,Bell Peppers,protein,package,6,1.5 lb,4.002282352941177,4.002282352941177,,,,,
bell_peppers_high_vitamin_c,Bell Peppers (high vitamin C),supplement,package,6,1.5 lb,4.002282352941177,4.002282352941177,,,,,
bell_pepper,bell pepper,vegetable,package,6,1.5 lb,4.002282352941177,4.002282352941177,,,,,
flaxseed_ground,Flaxseed (ground),seed,package,8,2 lb,4.000811466372657,4.000811466372657,,,,,
hemp_seeds,Hemp Seeds,protein,package,8,2 lb,4.000811466372657,4.000811466372657,,,,,
chia_seed_oil,Chia Seed Oil,seed,package,8,2 lb,4.000811466372657,4.000811466372657,,,,,
hemp_seed_oil,Hemp Seed Oil,seed,package,8,2 lb,4.000811466372657,4.000811466372657,,,,,
flaxseeds,Flaxseeds,protein,package,8,2 lb,4.000811466372657,4.000811466372657,,,,,
sesame_seeds,Sesame Seeds,protein,package,8,2 lb,4.000811466372657,4.000811466372657,,,,,
chia_seeds,Chia Seeds,protein,package,8,2 lb,4.000811466372657,4.000811466372657,,,,,
sunflower_seeds_small_amounts,Sunflower Seeds (small amounts),protein,package,8,2 lb,4.000811466372657,4.000811466372657,,,,,
pumpkin_seeds,Pumpkin Seeds,protein,package,8,2 lb,4.000811466372657,4.000811466372657,,,,,
safflower_seeds,Safflower Seeds,seed,package,8,2 lb,4.000811466372657,4.000811466372657,,,,,
amaranth_seeds,Amaranth Seeds,grain,package,8,2 lb,4.000811466372657,4.000811466372657,,,,,
poppy_seeds,Poppy Seeds,protein,package,8,2 lb,4.000811466372657,4.000811466372657,,,,,
teff_seeds,Teff Seeds,grain,package,8,2 lb,4.000811466372657,4.000811466372657,,,,,
apples_no_seeds,Apples (no seeds),protein,package,8,2 lb,4.000811466372657,4.000811466372657,,,,,
pears_no_seeds,Pears (no seeds),protein,package,8,2 lb,4.000811466372657,4.000811466372657,,,,,
grapes_seedless,Grapes (seedless),protein,package,8,2 lb,4.000811466372657,4.000811466372657,,,,,
sunflower_seeds_unsalted,Sunflower Seeds (unsalted),protein,package,8,2 lb,4.000811466372657,4.000811466372657,,,,,
pumpkin_seeds_unsalted,Pumpkin Seeds (unsalted),protein,package,8,2 lb,4.000811466372657,4.000811466372657,,,,,
sunflower_seeds,sunflower seeds,protein,package,8,2 lb,4.000811466372657,4.000811466372657,,,,,
flaxseed,flaxseed,seed,package,8,2 lb,4.000811466372657,4.000811466372657,,,,,
ground_chicken,ground chicken,protein,override,4,1 lb,4,4,,,,,
lamb_liver,Lamb Liver,protein,override,4,1 lb,4,4,,,,,
snow_peas,Snow Peas,protein,override,4,1 lb,4,4,,,,,
sugar_snap_peas,Sugar Snap Peas,protein,override,4,1 lb,4,4,,,,,
malabar_spinach,Malabar Spinach,vegetable,override,4,1 lb,4,4,,,,,
turmeric,Turmeric,protein,override,4,1 lb,4,4,,,,,
snow_peas_mashed,Snow Peas (mashed),protein,override,4,1 lb,4,4,,,,,
sugar_snap_peas_mashed,Sugar Snap Peas (mashed),protein,override,4,1 lb,4,4,,,,,
jerusalem_artichoke,Jerusalem Artichoke,protein,override,4,1 lb,4,4,,,,,
kidney_beans_mashed,Kidney Beans (mashed),protein,package,4,1 lb,3.9964052863436117,3.9964052863436117,,,,,
navy_beans_mashed,Navy Beans (mashed),protein,package,4,1 lb,3.9964052863436117,3.9964052863436117,,,,,
kidney_beans_mashed_tiny_amounts,"Kidney Beans (mashed, tiny amounts)",protein,package,4,1 lb,3.9964052863436117,3.9964052863436117,,,,,
peanuts_unsalted_roasted,"Peanuts (unsalted, roasted)",protein,package,4,1 lb,3.9964052863436117,3.9964052863436117,,,,,
peaches_pitted,Peaches (pitted),protein,package,4,1 lb,3.9964052863436117,3.9964052863436117,,,,,
peanut_butter_unsalted_tiny_amounts,"Peanut Butter (unsalted, tiny amounts)",nut,package,4,1 lb,3.9964052863436117,3.9964052863436117,,,,,
pear,pear,fruit,package,4,1 lb,3.9964052863436117,3.9964052863436117,,,,,
peach,peach,fruit,package,4,1 lb,3.9964052863436117,3.9964052863436117,,,,,
kidney_beans,kidney beans,protein,package,4,1 lb,3.9964052863436117,3.9964052863436117,,,,,
navy_beans,navy beans,protein,package,4,1 lb,3.9964052863436117,3.9964052863436117,,,,,
peanut,peanut,nut,package,4,1 lb,3.9964052863436117,3.9964052863436117,,,,,
cranberries,Cranberries,protein,override,3.5,1 lb,3.5,3.5,,,,,
cranberry,cranberry,fruit,override,3.5,1 lb,3.5,3.5,,,,,
eggs,eggs,protein,package,5,dozen,3.4363030303030304,3.4363030303030304,,,,,
eggplant,Eggplant,vegetable,package,5,dozen,3.4363030303030304,3.4363030303030304,,,,,
eggshells_crushed,Eggshells (crushed),protein,package,5,dozen,3.4363030303030304,3.4363030303030304,,,,,
egg_yolks,Egg Yolks,protein,package,5,dozen,3.4363030303030304,3.4363030303030304,,,,,
eggs_whole,eggs whole,protein,package,5,dozen,3.4363030303030304,3.4363030303030304,,,,,
eggshell_powder,eggshell powder,protein,package,5,dozen,3.4363030303030304,3.4363030303030304,,,,,
egg_hardboiled,egg (hard-boiled),protein,package,5,dozen,3.4363030303030304,3.4363030303030304,,,,,
oat_bran_small_amounts,Oat Bran (small amounts),protein,package,6,2 lb,3.0006085997794925,3.0006085997794925,,,,,
oat_bran,Oat Bran,protein,package,6,2 lb,3.0006085997794925,3.0006085997794925,,,,,
oat_hay,Oat Hay,hay,package,6,2 lb,3.0006085997794925,3.0006085997794925,,,,,
whole_grain_cheerios,Whole Grain Cheerios,grain,package,6,2 lb,3.0006085997794925,3.0006085997794925,,,,,
millet_seed,millet seed,seed,package,6,2 lb,3.0006085997794925,3.0006085997794925,,,,,
chicken_liver,chicken liver,protein,override,3,1 lb,3,3,,,,,
chicken_hearts,chicken hearts,protein,override,3,1 lb,3,3,,,,,
turkey_giblets,Turkey Giblets,protein,override,3,1 lb,3,3,,,,,
chicken_giblets,Chicken Giblets,protein,override,3,1 lb,3,3,,,,,
buckwheat,Buckwheat,grain,override,3,1 lb,3,3,,,,,
romanesco_broccoli,Romanesco Broccoli,vegetable,override,3,1 lb,3,3,,,,,
buckwheat_tiny_amounts,Buckwheat (tiny amounts),grain,override,3,1 lb,3,3,,,,,
chicory_root,Chicory Root,protein,override,3,1 lb,3,3,,,,,
nyjer_seeds,Nyjer Seeds,seed,override,3,1 lb,3,3,,,,,
buckwheat_hulled,Buckwheat (hulled),grain,override,3,1 lb,3,3,,,,,
plums_pitted,Plums (pitted),protein,override,3,1 lb,3,3,,,,,
pellets_fortified,Pellets (fortified),supplement,override,15,5 lb bag,3,3,,,,,
buckwheat_cooked,Buckwheat (cooked),grain,override,3,1 lb,3,3,,,,,
plum,plum,fruit,override,3,1 lb,3,3,,,,,
green_peas,green peas,vegetable,package,3,1 lb,2.997303964757709,2.997303964757709,,,,,
green_beans,green beans,vegetable,package,3,1 lb,2.997303964757709,2.997303964757709,,,,,
broccoli,broccoli,vegetable,package,3,1 lb,2.997303964757709,2.997303964757709,,,,,
snap_peas,Snap Peas,protein,package,3,1 lb,2.997303964757709,2.997303964757709,,,,,
broccoli_raw,broccoli raw,vegetable,package,3,1 lb,2.997303964757709,2.997303964757709,,,,,
green_beans_raw,green beans raw,vegetable,package,3,1 lb,2.997303964757709,2.997303964757709,,,,,
green_beans_cooked,green beans (cooked),vegetable,package,3,1 lb,2.997303964757709,2.997303964757709,,,,,
quinoa,quinoa,grain,override,2.99,1 lb,2.99,2.99,,,,,
quinoa_cooked,quinoa cooked,grain,override,2.99,1 lb,2.99,2.99,,,,,
oats,oats,grain,package,8,3 lb,2.666227773695812,2.666227773695812,,,,,
oat_groats,Oat Groats,protein,package,8,3 lb,2.666227773695812,2.666227773695812,,,,,
oatmeal_cooked_small_amounts,"oatmeal (cooked, small amounts)",protein,package,8,3 lb,2.666227773695812,2.666227773695812,,,,,
chicken_necks,Chicken Necks,protein,override,2.5,1 lb,2.5,2.5,,,,,
bulgur,Bulgur,protein,override,2.5,1 lb,2.5,2.5,,,,,
peas,Peas,protein,override,2.5,1 lb,2.5,2.5,,,,,
peas_mashed,Peas (mashed),protein,override,2.5,1 lb,2.5,2.5,,,,,
peas_cooked,Peas (cooked),protein,override,2.5,1 lb,2.5,2.5,,,,,
oats_rolled,oats (rolled),grain,override,2.5,1 lb,2.5,2.5,,,,,
brown_rice,brown rice,grain,package,4,2 lb,2.0004057331863283,2.0004057331863283,,,,,
white_rice,white rice,grain,package,4,2 lb,2.0004057331863283,2.0004057331863283,,,,,
carrots,carrots,protein,package,4,2 lb,2.0004057331863283,2.0004057331863283,,,,,
rice_bran_small_amounts,Rice Bran (small amounts),grain,package,4,2 lb,2.0004057331863283,2.0004057331863283,,,,,
rice_bran,Rice Bran,grain,package,4,2 lb,2.0004057331863283,2.0004057331863283,,,,,
rice_hulled,Rice (hulled),grain,package,4,2 lb,2.0004057331863283,2.0004057331863283,,,,,
carrots_raw,carrots raw,protein,package,4,2 lb,2.0004057331863283,2.0004057331863283,,,,,
brown_rice_cooked,brown rice cooked,grain,package,4,2 lb,2.0004057331863283,2.0004057331863283,,,,,
white_rice_cooked,white rice cooked,grain,package,4,2 lb,2.0004057331863283,2.0004057331863283,,,,,
barley,Barley,grain,override,2,1 lb,2,2,,,,,
barley_cooked_minimal,"Barley (cooked, minimal)",grain,override,2,1 lb,2,2,,,,,
canary_seed,Canary Seed,seed,override,2,1 lb,2,2,,,,,
niger_seed,Niger Seed,seed,override,2,1 lb,2,2,,,,,
rapeseed,Rapeseed,protein,override,2,1 lb,2,2,,,,,
barley_hulled,Barley (hulled),grain,override,2,1 lb,2,2,,,,,
rabbit_pellets_high_fiber,Rabbit Pellets (high fiber),protein,override,20,10 lb bag,2,2,,,,,
barley_cooked,Barley (cooked),grain,override,2,1 lb,2,2,,,,,
sweet_potato,sweet potato,protein,package,5,3 lb,1.6663923585598823,1.6663923585598823,,,,,
chickpeas,chickpeas,protein,override,1.5,1 lb,1.5,1.5,,,,,
black_beans,black beans,protein,override,1.5,1 lb,1.5,1.5,,,,,
millet,Millet,seed,override,1.5,1 lb,1.5,1.5,,,,,
split_peas,Split Peas,protein,override,1.5,1 lb,1.5,1.5,,,,,
pinto_beans_mashed,Pinto Beans (mashed),protein,override,1.5,1 lb,1.5,1.5,,,,,
millet_tiny_amounts,Millet (tiny amounts),seed,override,1.5,1 lb,1.5,1.5,,,,,
split_peas_mashed,Split Peas (mashed),protein,override,1.5,1 lb,1.5,1.5,,,,,
millet_whitered,Millet (white/red),seed,override,1.5,1 lb,1.5,1.5,,,,,
timothy_hay,Timothy Hay,hay,override,1.5,1 lb,1.5,1.5,,,,,
meadow_hay,Meadow Hay,hay,override,1.5,1 lb,1.5,1.5,,,,,
orchard_grass_hay,Orchard Grass Hay,hay,override,1.5,1 lb,1.5,1.5,,,,,
alfalfa_hay_babiespregnant_only,Alfalfa Hay (babies/pregnant only),hay,override,1.5,1 lb,1.5,1.5,,,,,
bermuda_hay,Bermuda Hay,hay,override,1.5,1 lb,1.5,1.5,,,,,
bluegrass_hay,Bluegrass Hay,hay,override,1.5,1 lb,1.5,1.5,,,,,
fescue_hay,Fescue Hay,hay,override,1.5,1 lb,1.5,1.5,,,,,
wheat_hay,Wheat Hay,grain,override,1.5,1 lb,1.5,1.5,,,,,
barley_hay,Barley Hay,grain,override,1.5,1 lb,1.5,1.5,,,,,
millet_cooked,Millet (cooked),seed,override,1.5,1 lb,1.5,1.5,,,,,
alfalfa_hay,alfalfa hay,hay,override,1.5,1 lb,1.5,1.5,,,,,
pinto_beans,pinto beans,protein,override,1.5,1 lb,1.5,1.5,,,,,
wild_bird_mix,Wild Bird Mix,protein,override,12.5,10 lb bag,1.25,1.25,,,,,
corn_cracked,Corn (cracked),grain,override,0.75,1 lb,0.75,0.75,,,,,
sadenosyl_methionine_same,S-Adenosyl methionine (SAM-e),protein,override,27.5,454g,,,,,,,
betaglucans,Beta-glucans,protein,override,25,454g,,,,,,,
lcarnitine_powder,L-Carnitine Powder,protein,override,25,227g,,,,,,,
joint_health_supplement,Joint Health Supplement,supplement,override,25,227g,,,,,,,
joint_health_powder,Joint Health Powder,supplement,override,25,227g,,,,,,,
joint_supplement,joint supplement,supplement,override,25,227g,,,,,,,
glucosamine_sulfate,Glucosamine Sulfate,supplement,override,22.5,500g,,,,,,,
chondroitin_sulfate,Chondroitin Sulfate,supplement,override,22.5,500g,,,,,,,
dubia_roaches,Dubia Roaches,insect,override,22.5,100,,,,,,,
small_dubia_roaches,Small Dubia Roaches,insect,override,22.5,100,,,,,,,
probiotic_powder,Probiotic Powder,supplement,override,20,227g,,,,,,,
digestive_enzymes,Digestive Enzymes,protein,override,20,454g,,,,,,,
dmannose,D-Mannose,protein,override,20,454g,,,,,,,
curcumin_turmeric_extract,Curcumin (turmeric extract),protein,override,20,454g,,,,,,,
hyaluronic_acid,Hyaluronic Acid,protein,override,20,454g,,,,,,,
amino_acid_supplement,Amino Acid Supplement,supplement,override,20,227g,,,,,,,
black_soldier_fly_larvae,Black Soldier Fly Larvae,insect,override,20,container,,,,,,,
quercetin,Quercetin,protein,override,17.5,454g,,,,,,,
mannanoligosaccharides_mos,Mannanoligosaccharides (MOS),protein,override,16,454g,,,,,,,
superworms,Superworms,protein,override,15,100,,,,,,,
silkworms,Silkworms,protein,override,15,50,,,,,,,
pinhead_crickets,Pinhead Crickets,protein,override,15,100,,,,,,,
inulin_prebiotic,Inulin (prebiotic),protein,override,14,454g,,,,,,,
fructooligosaccharides_fos,Fructooligosaccharides (FOS),protein,override,14,454g,,,,,,,
hornworms,Hornworms,protein,override,11.5,dozen,,,,,,,
butterworms,Butterworms,protein,override,11.5,container,,,,,,,
vitamin_e,vitamin e,supplement,override,11.5,113g,,,,,,,
hairball_control_paste,Hairball Control Paste,protein,override,10,tube,,,,,,,
psyllium_husk,Psyllium Husk,protein,override,10,454g,,,,,,,
vitamin_c_small_amounts,Vitamin C (small amounts),supplement,override,10,113g,,,,,,,
hairball_paste,hairball paste,protein,override,10,tube,,,,,,,
quail_eggs,Quail Eggs,protein,override,8,dozen,,,,,,,
straw_wheatpine,Straw (wheat/pine),grain,override,7.5,bale,,,,,,,
miners_lettuce,Miner's Lettuce,vegetable,override,4,bunch,,,,,,,
cat_grass_wheatgrass,Cat Grass (wheatgrass),hay,override,4,tray,,,,,,,
turkey_broth_no_salt,Turkey Broth (no salt),protein,override,4,32 oz,,,,,,,
fish_broth_no_salt,Fish Broth (no salt),protein,override,4,32 oz,,,,,,,
frisee,Frisee,vegetable,override,3,head,,,,,,,
amaranth_leaves,Amaranth Leaves,grain,override,3,bunch,,,,,,,
mackerel_canned,Mackerel (canned),protein,override,3,can,,,,,,,
purslane_small_amounts,Purslane (small amounts),vegetable,override,3,bunch,,,,,,,
rosemary,Rosemary,protein,override,2.5,bunch,,,,,,,
celery,celery,vegetable,override,2,bunch,,,,,,,
celery_raw,celery raw,vegetable,override,2,bunch,,,,,,,
cilantro,Cilantro,protein,override,1.5,bunch,,,,,,,